[{"zoom":7,"lon":4.832,"lat":45.757,"nom":"Auvergne-Rhône-Alpes"},{"zoom":8,"lon":5.041,"lat":47.321,"nom":"Bourgogne-Franche-Comté"},{"zoom":8,"lon":-2.865,"lat":48.231,"nom":"Bretagne"},{"zoom":8,"lon":1.589,"lat":47.805,"nom":"Centre-Val de Loire"},{"lon":8.737,"lat":41.926,"nom":"Corse"},{"zoom":7,"lon":5.42,"lat":48.857,"nom":"Grand Est"},{"zoom":9,"lon":-61.430,"lat":16.132,"nom":"Guadeloupe"},{"zoom":8,"lon":-53.006,"lat":4.072,"nom":"Guyane"},{"lon":2.732,"lat":50.240,"nom":"Hauts-de-France"},{"zoom":9,"lon":2.500,"lat":48.835,"nom":"Île-de-France"},{"zoom":10,"lon":55.529,"lat":-21.075,"nom":"La Réunion"},{"zoom":10,"lon":-60.995,"lat":14.753,"nom":"Martinique"},{"zoom":11,"lon":45.149,"lat":-12.837,"nom":"Mayotte"},{"zoom":8,"lon":-0.179,"lat":49.077,"nom":"Normandie"},{"zoom":7,"lon":-0.580,"lat":44.841,"nom":"Nouvelle-Aquitaine"},{"zoom":7,"lon":1.444,"lat":43.604,"nom":"Occitanie"},{"zoom":8,"lon":-0.733,"lat":47.442,"nom":"Pays de la Loire"},{"zoom":8,"lon":6.017,"lat":44.127,"nom":"Provence-Alpes-Côte d'Azur"}]
