[{"lon":5.225,"lat":46.205,"nom":"Ain","cod":"01"},{"lon":3.620,"lat":49.564,"nom":"Aisne","cod":"02"},{"lon":3.333,"lat":46.566,"nom":"Allier","cod":"03"},{"lon":6.235,"lat":44.091,"nom":"Alpes-de-Haute-Provence","cod":"04"},{"lon":7.268,"lat":43.700,"nom":"Alpes-Maritimes","cod":"06"},{"lon":4.598,"lat":44.735,"nom":"Ardèche","cod":"07"},{"lon":4.720,"lat":49.773,"nom":"Ardennes","cod":"08"},{"lon":1.605,"lat":42.963,"nom":"Ariège","cod":"09"},{"lon":4.074,"lat":48.297,"nom":"Aube","cod":"10"},{"lon":2.349,"lat":43.213,"nom":"Aude","cod":"11"},{"lon":2.572,"lat":44.351,"nom":"Aveyron","cod":"12"},{"lon":7.750,"lat":48.584,"nom":"Bas-Rhin","cod":"67"},{"lon":5.369,"lat":43.296,"nom":"Bouches-du-Rhône","cod":"13"},{"lon":-0.363,"lat":49.181,"nom":"Calvados","cod":"14"},{"lon":2.443,"lat":44.928,"nom":"Cantal","cod":"15"},{"lon":0.156,"lat":45.648,"nom":"Charente","cod":"16"},{"lon":-1.152,"lat":46.159,"nom":"Charente-Maritime","cod":"17"},{"lon":2.399,"lat":47.081,"nom":"Cher","cod":"18"},{"lon":1.770,"lat":45.267,"nom":"Corrèze","cod":"19"},{"lon":8.737,"lat":41.926,"nom":"Corse","cod":"20"},{"lon":5.041,"lat":47.321,"nom":"Côte-d'Or","cod":"21"},{"lon":-2.760,"lat":48.514,"nom":"Côtes-d'Armor","cod":"22"},{"lon":1.871,"lat":46.168,"nom":"Creuse","cod":"23"},{"lon":-0.464,"lat":46.324,"nom":"Deux-Sèvres","cod":"79"},{"lon":0.718,"lat":45.190,"nom":"Dordogne","cod":"24"},{"lon":6.024,"lat":47.238,"nom":"Doubs","cod":"25"},{"lon":4.892,"lat":44.933,"nom":"Drôme","cod":"26"},{"lon":2.428,"lat":48.624,"nom":"Essonne","cod":"91"},{"lon":1.151,"lat":49.026,"nom":"Eure","cod":"27"},{"lon":1.488,"lat":48.443,"nom":"Eure-et-Loir","cod":"28"},{"lon":-4.102,"lat":47.996,"nom":"Finistère","cod":"29"},{"lon":4.360,"lat":43.837,"nom":"Gard","cod":"30"},{"lon":0.585,"lat":43.646,"nom":"Gers","cod":"32"},{"lon":-0.580,"lat":44.841,"nom":"Gironde","cod":"33"},{"lon":-61.733,"lat":16.000,"nom":"Guadeloupe","cod":"971"},{"zoom":8,"lon":-53.006,"lat":4.072,"nom":"Guyane","cod":"973"},{"lon":1.444,"lat":43.604,"nom":"Haute-Garonne","cod":"31"},{"lon":3.885,"lat":45.045,"nom":"Haute-Loire","cod":"43"},{"lon":5.333,"lat":47.863,"nom":"Haute-Marne","cod":"52"},{"lon":6.082,"lat":44.561,"nom":"Hautes-Alpes","cod":"05"},{"lon":6.154,"lat":47.619,"nom":"Haute-Saône","cod":"70"},{"lon":6.128,"lat":45.899,"nom":"Haute-Savoie","cod":"74"},{"lon":0.078,"lat":43.232,"nom":"Hautes-Pyrénées","cod":"65"},{"lon":1.264,"lat":45.835,"nom":"Haute-Vienne","cod":"87"},{"zoom":10,"lon":7.281,"lat":47.817,"nom":"Haut-Rhin","cod":"68"},{"lon":2.207,"lat":48.892,"nom":"Hauts-de-Seine","cod":"92"},{"lon":3.876,"lat":43.611,"nom":"Hérault","cod":"34"},{"lon":-1.680,"lat":48.111,"nom":"Ille-et-Vilaine","cod":"35"},{"lon":1.695,"lat":46.804,"nom":"Indre","cod":"36"},{"lon":0.688,"lat":47.390,"nom":"Indre-et-Loire","cod":"37"},{"lon":5.735,"lat":45.187,"nom":"Isère","cod":"38"},{"lon":5.558,"lat":46.672,"nom":"Jura","cod":"39"},{"lon":-0.500,"lat":43.891,"nom":"Landes","cod":"40"},{"lon":55.448,"lat":-20.879,"nom":"La Réunion","cod":"974"},{"lon":4.387,"lat":45.440,"nom":"Loire","cod":"42"},{"lon":-1.554,"lat":47.218,"nom":"Loire-Atlantique","cod":"44"},{"lon":1.908,"lat":47.902,"nom":"Loiret","cod":"45"},{"lon":1.333,"lat":47.587,"nom":"Loir-et-Cher","cod":"41"},{"lon":1.436,"lat":44.449,"nom":"Lot","cod":"46"},{"lon":0.617,"lat":44.201,"nom":"Lot-et-Garonne","cod":"47"},{"lon":3.499,"lat":44.518,"nom":"Lozère","cod":"48"},{"zoom":9,"lon":-0.551,"lat":47.473,"nom":"Maine-et-Loire","cod":"49"},{"zoom":9,"lon":-1.061,"lat":49.170,"nom":"Manche","cod":"50"},{"lon":4.362,"lat":48.956,"nom":"Marne","cod":"51"},{"lon":-60.995,"lat":14.753,"nom":"Martinique","cod":"972"},{"lon":-0.773,"lat":48.070,"nom":"Mayenne","cod":"53"},{"lon":45.227,"lat":-12.780,"nom":"Mayotte","cod":"976"},{"lon":6.183,"lat":48.693,"nom":"Meurthe-et-Moselle","cod":"54"},{"lon":5.162,"lat":48.771,"nom":"Meuse","cod":"55"},{"lon":-2.759,"lat":47.658,"nom":"Morbihan","cod":"56"},{"zoom":9,"lon":6.176,"lat":49.119,"nom":"Moselle","cod":"57"},{"lon":3.157,"lat":46.987,"nom":"Nièvre","cod":"58"},{"lon":3.063,"lat":50.636,"nom":"Nord","cod":"59"},{"zoom":7,"lon":165.609,"lat":-20.550,"nom":"Nouvelle-Calédonie","cod":"988"},{"lon":2.082,"lat":49.430,"nom":"Oise","cod":"60"},{"lon":0.091,"lat":48.431,"nom":"Orne","cod":"61"},{"lon":2.348,"lat":48.853,"nom":"Paris","cod":"75"},{"lon":2.777,"lat":50.291,"nom":"Pas-de-Calais","cod":"62"},{"zoom":8,"lon":-150.744,"lat":-17.014,"nom":"Polynésie Française","cod":"987"},{"lon":3.081,"lat":45.777,"nom":"Puy-de-Dôme","cod":"63"},{"lon":-0.368,"lat":43.295,"nom":"Pyrénées-Atlantiques","cod":"64"},{"lon":2.895,"lat":42.698,"nom":"Pyrénées-Orientales","cod":"66"},{"lon":4.726,"lat":45.986,"nom":"Rhône","cod":"69"},{"zoom":12,"lon":-62.843,"lat":17.929,"nom":"Saint-Barthélemy","cod":"977"},{"zoom":12,"lon":-63.062,"lat":18.075,"nom":"Saint-Martin","cod":"978"},{"lon":4.832,"lat":46.303,"nom":"Saône-et-Loire","cod":"71"},{"lon":0.196,"lat":48.007,"nom":"Sarthe","cod":"72"},{"lon":5.920,"lat":45.566,"nom":"Savoie","cod":"73"},{"lon":2.660,"lat":48.539,"nom":"Seine-et-Marne","cod":"77"},{"lon":1.093,"lat":49.440,"nom":"Seine-Maritime","cod":"76"},{"lon":2.445,"lat":48.906,"nom":"Seine-Saint-Denis","cod":"93"},{"lon":2.295,"lat":49.894,"nom":"Somme","cod":"80"},{"lon":-56.344,"lat":46.935,"nom":"Saint-Pierre-Et-Miquelon","cod":"975"},{"lon":2.147,"lat":43.927,"nom":"Tarn","cod":"81"},{"lon":1.354,"lat":44.017,"nom":"Tarn-et-Garonne","cod":"82"},{"lon":6.862,"lat":47.637,"nom":"Territoire-de-Belfort","cod":"90"},{"lon":2.453,"lat":48.777,"nom":"Val-de-Marne","cod":"94"},{"lon":2.041,"lat":49.053,"nom":"Val d'Oise","cod":"95"},{"lon":5.930,"lat":43.125,"nom":"Var","cod":"83"},{"lon":4.805,"lat":43.949,"nom":"Vaucluse","cod":"84"},{"lon":-1.426,"lat":46.670,"nom":"Vendée","cod":"85"},{"lon":0.340,"lat":46.580,"nom":"Vienne","cod":"86"},{"lon":6.450,"lat":48.174,"nom":"Vosges","cod":"88"},{"lon":-176.183,"lat":-13.253,"nom":"Wallis et Futuna","cod":"986"},{"lon":3.570,"lat":47.796,"nom":"Yonne","cod":"89"},{"lon":2.126,"lat":48.803,"nom":"Yvelines","cod":"78"}]
