[{"zoom":8,"lon":5.447,"lat":43.529,"nom":"Aix-Marseille"},{"zoom":8,"lon":2.295,"lat":49.894,"nom":"Amiens"},{"zoom":9,"lon":6.024,"lat":47.238,"nom":"Besançon"},{"zoom":8,"lon":-0.58,"lat":44.841,"nom":"Bordeaux"},{"zoom":8,"lon":3.081,"lat":45.777,"nom":"Clermont-Ferrand"},{"zoom":9,"lon":8.737,"lat":41.926,"nom":"Corse"},{"zoom":9,"lon":2.453,"lat":48.777,"nom":"Créteil"},{"zoom":8,"lon":5.041,"lat":47.321,"nom":"Dijon"},{"zoom":8,"lon":5.735,"lat":45.187,"nom":"Grenoble"},{"zoom":9,"lon":-61.733,"lat":16,"nom":"Guadeloupe"},{"zoom":8,"lon":-52.325,"lat":4.937,"nom":"Guyane"},{"zoom":10,"lon":55.472,"lat":-21.135,"nom":"La Réunion"},{"zoom":8,"lon":3.063,"lat":50.636,"nom":"Lille"},{"zoom":8,"lon":1.264,"lat":45.835,"nom":"Limoges"},{"zoom":8,"lon":4.832,"lat":45.757,"nom":"Lyon"},{"zoom":9,"lon":-61.068,"lat":14.602,"nom":"Martinique"},{"zoom":11,"lon":45.227,"lat":-12.78,"nom":"Mayotte"},{"zoom":8,"lon":3.876,"lat":43.611,"nom":"Montpellier"},{"zoom":8,"lon":6.183,"lat":48.693,"nom":"Nancy-Metz"},{"zoom":8,"lon":-1.554,"lat":47.218,"nom":"Nantes"},{"zoom":8,"lon":7.268,"lat":43.7,"nom":"Nice"},{"zoom":8,"lon":1.093,"lat":49.44,"nom":"Normandie"},{"zoom":8,"lon":1.908,"lat":47.902,"nom":"Orléans-Tours"},{"zoom":8,"lon":0.340,"lat":46.580,"nom":"Poitiers"},{"zoom":10,"lon":2.348,"lat":48.853,"nom":"Paris"},{"zoom":8,"lon":4.031,"lat":49.257,"nom":"Reims"},{"zoom":8,"lon":-1.68,"lat":48.111,"nom":"Rennes"},{"zoom":9,"lon":7.75,"lat":48.584,"nom":"Strasbourg"},{"zoom":8,"lon":1.444,"lat":43.604,"nom":"Toulouse"},{"zoom":10,"lon":2.126,"lat":48.803,"nom":"Versailles"}]
